regency_city,year,total_population,number_of_poor_people,poverty_percentage,school_participation_rate,sanitation_access_percent,drinking_water_access_percent,proper_housing_percent,unemployment_rate,gdp_per_capita,population_density,hdi
Kabupaten Pacitan,2020,586100.0,,,14.71,69.9,84.43,,2.28,26972.4,422.0,68.39
Kabupaten Pacitan,2021,,84.19,15.11,14.8,71.7,76.71,,2.04,27932.3,,68.57
Kabupaten Pacitan,2022,592920.0,76.93,13.8,78.45,72.64,83.95,,3.65,30627.3,414.0,69.37
Kabupaten Pacitan,2023,,,,12.14,,,,1.83,33148.6,,70.19
Kabupaten Pacitan,2024,,,,10.75,,,,1.56,35096.3,,71.49
Kabupaten Ponorogo,2020,949300.0,,,24.69,84.97,91.15,,4.45,21653.6,727.0,70.81
Kabupaten Ponorogo,2021,,89.94,10.26,25.01,87.49,96.3,,4.38,22432.1,,71.06
Kabupaten Ponorogo,2022,964250.0,81.8,9.32,78.18,86.77,91.5,,5.51,24094.3,680.0,71.87
Kabupaten Ponorogo,2023,,,,19.04,,,,4.66,26313.9,,72.5
Kabupaten Ponorogo,2024,,,,20.8,,,,4.19,28088.0,,73.7
Kabupaten Trenggalek,2020,731100.0,,,13.86,76.81,80.64,,4.11,25087.3,637.0,69.74
Kabupaten Trenggalek,2021,,84.89,12.14,15.1,75.48,75.78,,3.53,26160.0,,70.06
Kabupaten Trenggalek,2022,739670.0,76.75,10.96,84.99,79.27,81.23,,5.37,28309.5,592.0,71.0
Kabupaten Trenggalek,2023,,,,13.68,,,,4.52,30681.0,,71.73
Kabupaten Trenggalek,2024,,,,13.52,,,,3.9,32725.6,,72.47
Kabupaten Tulungagung,2020,1089800.0,,,25.06,89.45,96.75,,4.61,35142.7,1032.0,73.0
Kabupaten Tulungagung,2021,,78.59,7.51,26.51,85.37,97.4,,4.91,36688.3,,73.15
Kabupaten Tulungagung,2022,1105340.0,70.52,6.71,78.21,83.6,96.39,,6.65,40068.7,966.0,74.06
Kabupaten Tulungagung,2023,,,,23.66,,,,5.65,43296.9,,74.61
Kabupaten Tulungagung,2024,,,,22.07,,,,4.12,46008.7,,75.13
Kabupaten Blitar,2020,1223700.0,,,19.61,80.36,95.35,,3.82,29489.6,916.0,70.58
Kabupaten Blitar,2021,,112.62,9.65,20.69,75.67,93.33,,3.66,30683.3,,71.05
Kabupaten Blitar,2022,1240320.0,101.94,8.71,68.57,80.11,96.37,,5.45,33284.7,711.0,71.86
Kabupaten Blitar,2023,,,,16.04,,,,4.91,35811.7,,72.49
Kabupaten Blitar,2024,,,,14.92,,,,4.77,37810.6,,73.44
Kabupaten Kediri,2020,1635300.0,,,18.99,83.59,98.89,,5.24,24884.6,1180.0,72.05
Kabupaten Kediri,2021,,184.49,11.64,21.8,86.92,96.35,,5.15,25867.0,,72.56
Kabupaten Kediri,2022,1656020.0,169.46,10.65,85.24,88.68,92.17,,6.83,28034.8,1087.0,73.46
Kabupaten Kediri,2023,,,,18.4,,,,5.79,30192.7,,73.96
Kabupaten Kediri,2024,,,,18.16,,,,5.1,32338.7,,75.18
Kabupaten Malang,2020,2654400.0,,,33.91,80.99,95.48,,5.49,38495.2,752.0,70.36
Kabupaten Malang,2021,,276.58,10.5,34.64,80.79,94.14,,5.4,40056.7,,70.6
Kabupaten Malang,2022,2685900.0,252.88,9.55,64.52,81.8,96.02,,6.57,43581.3,773.0,71.38
Kabupaten Malang,2023,,,,29.7,,,,5.7,47272.2,,72.16
Kabupaten Malang,2024,,,,28.29,,,,5.13,50593.4,,73.53
Kabupaten Lumajang,2020,1119300.0,,,11.96,84.53,95.89,,3.36,28707.0,625.0,65.46
Kabupaten Lumajang,2021,,105.25,10.05,12.98,83.24,95.73,,3.51,29938.8,,66.07
Kabupaten Lumajang,2022,1137230.0,95.04,9.06,53.0,77.99,97.35,,4.97,32383.7,633.0,66.95
Kabupaten Lumajang,2023,,,,16.44,,,,3.67,35178.1,,67.87
Kabupaten Lumajang,2024,,,,16.35,,,,3.28,37578.6,,70.31
Kabupaten Jember,2020,2536700.0,,,26.68,65.83,90.49,,5.12,30022.9,820.0,67.11
Kabupaten Jember,2021,,257.09,10.41,27.22,64.17,94.35,,5.44,31781.0,,67.32
Kabupaten Jember,2022,2567720.0,232.73,9.39,74.08,65.95,95.4,,4.06,34264.5,775.0,67.97
Kabupaten Jember,2023,,,,24.31,,,,4.01,36836.8,,68.64
Kabupaten Jember,2024,,,,26.11,,,,3.23,39464.3,,70.93
Kabupaten Banyuwangi,2020,1708100.0,,,16.6,77.44,91.62,,5.34,47566.9,295.0,70.62
Kabupaten Banyuwangi,2021,,130.93,8.07,18.19,81.15,94.16,,5.42,49896.2,,71.38
Kabupaten Banyuwangi,2022,1731730.0,122.01,7.51,76.81,78.07,95.97,,5.26,53822.4,482.0,71.94
Kabupaten Banyuwangi,2023,,,,16.16,,,,4.75,58085.9,,72.61
Kabupaten Banyuwangi,2024,,,,16.52,,,,4.03,62085.6,,74.3
Kabupaten Bondowoso,2020,776200.0,,,16.44,44.07,91.75,,4.13,25705.7,509.0,66.43
Kabupaten Bondowoso,2021,,115.18,14.73,16.76,52.82,93.44,,4.46,27009.3,,66.59
Kabupaten Bondowoso,2022,781420.0,105.69,13.47,68.6,51.64,93.31,,4.32,29216.6,503.0,67.31
Kabupaten Bondowoso,2023,,,,15.12,,,,4.15,31432.1,,67.99
Kabupaten Bondowoso,2024,,,,14.53,,,,3.63,33500.9,,71.22
Kabupaten Situbondo,2020,686000.0,,,15.14,55.29,96.18,,3.85,29244.2,411.0,67.38
Kabupaten Situbondo,2021,,86.95,12.63,16.19,59.79,98.88,,3.68,30765.4,,67.78
Kabupaten Situbondo,2022,691260.0,81.46,11.78,61.12,54.52,99.22,,3.38,33367.5,418.0,68.25
Kabupaten Situbondo,2023,,,,12.49,,,,3.27,36189.6,,69.16
Kabupaten Situbondo,2024,,,,11.28,,,,3.15,38676.9,,71.22
Kabupaten Probolinggo,2020,1152500.0,,,15.12,59.76,92.16,,4.86,29280.1,679.0,66.07
Kabupaten Probolinggo,2021,,223.32,18.91,15.31,62.14,93.18,,4.55,30708.3,,66.26
Kabupaten Probolinggo,2022,1159970.0,203.23,17.12,63.56,62.36,95.92,,3.25,33323.4,673.0,66.96
Kabupaten Probolinggo,2023,,,,17.76,,,,3.24,36006.2,,67.79
Kabupaten Probolinggo,2024,,,,18.43,,,,3.0,38536.6,,70.85
Kabupaten Pasuruan,2020,1606000.0,,,20.57,80.03,97.21,,6.24,90746.9,1090.0,68.6
Kabupaten Pasuruan,2021,,159.78,9.7,21.2,82.92,97.36,,6.03,97170.8,,68.93
Kabupaten Pasuruan,2022,1619040.0,148.62,8.96,65.01,83.4,96.9,,5.91,105849.8,1084.0,69.68
Kabupaten Pasuruan,2023,,,,16.98,,,,5.48,113682.7,,70.29
Kabupaten Pasuruan,2024,,,,16.24,,,,5.02,121689.1,,72.36
Kabupaten Sidoarjo,2020,2082800.0000000002,,,40.99,95.52,99.06,,10.97,94817.6,3283.0,80.29
Kabupaten Sidoarjo,2021,,137.15,5.93,41.61,95.05,96.82,,10.87,100251.9,,80.65
Kabupaten Sidoarjo,2022,2103400.0,125.69,5.36,83.2,89.54,95.86,,8.8,115389.3,2905.0,81.02
Kabupaten Sidoarjo,2023,,,,37.67,,,,8.05,127381.7,,81.55
Kabupaten Sidoarjo,2024,,,,38.09,,,,6.49,136721.1,,82.67
Kabupaten Mojokerto,2020,1119200.0,,,14.3,91.02,99.2,,5.75,73335.5,1559.0,73.83
Kabupaten Mojokerto,2021,,120.54,10.62,14.37,87.34,98.37,,5.54,77339.7,,74.15
Kabupaten Mojokerto,2022,1133580.0,111.03,9.71,86.76,89.87,97.05,,4.83,84307.4,1151.0,74.89
Kabupaten Mojokerto,2023,,,,15.17,,,,4.67,91112.0,,75.53
Kabupaten Mojokerto,2024,,,,15.01,,,,3.87,98010.9,,76.69
Kabupaten Jombang,2020,1318100.0,,,23.57,88.98,99.37,,7.48,30303.4,1182.0,72.97
Kabupaten Jombang,2021,,127.3,10.0,23.61,90.95,99.44,,7.09,31448.7,,73.45
Kabupaten Jombang,2022,1335970.0,115.48,9.04,88.17,93.67,99.07,,5.47,34292.3,1204.0,74.05
Kabupaten Jombang,2023,,,,20.56,,,,4.66,36990.7,,74.6
Kabupaten Jombang,2024,,,,21.3,,,,3.75,39553.1,,75.67
Kabupaten Nganjuk,2020,1103900.0,,,15.21,85.75,99.45,,4.8,24134.3,902.0,71.72
Kabupaten Nganjuk,2021,,125.53,11.85,17.48,81.84,99.03,,4.98,25279.6,,71.97
Kabupaten Nganjuk,2022,1117030.0,113.63,10.7,84.17,83.36,98.67,,4.74,27583.2,867.0,72.93
Kabupaten Nganjuk,2023,,,,19.66,,,,4.68,29916.6,,73.71
Kabupaten Nganjuk,2024,,,,20.43,,,,3.87,32047.5,,75.24
Kabupaten Madiun,2020,744400.0,,,19.1,91.92,97.83,,4.8,25811.1,717.0,71.73
Kabupaten Madiun,2021,,81.61,11.91,19.19,89.09,95.1,,4.99,26801.6,,71.88
Kabupaten Madiun,2022,757670.0,74.07,10.79,73.09,89.4,94.79,,5.84,29109.8,6668.0,72.39
Kabupaten Madiun,2023,,,,20.94,,,,5.14,31587.9,,72.97
Kabupaten Madiun,2024,,,,20.14,,,,4.34,33712.4,,74.81
Kabupaten Magetan,2020,670800.0,,,28.47,88.65,99.46,,3.74,28023.8,974.0,73.92
Kabupaten Magetan,2021,,67.75,10.66,28.77,88.4,99.9,,3.86,29080.7,,74.15
Kabupaten Magetan,2022,678340.0,62.65,9.84,85.87,91.01,98.71,,4.33,31275.4,960.0,74.85
Kabupaten Magetan,2023,,,,23.17,,,,4.16,33627.2,,75.41
Kabupaten Magetan,2024,,,,20.61,,,,3.28,35853.1,,76.77
Kabupaten Ngawi,2020,870100.0,,,16.09,83.67,99.49,,5.44,23322.7,671.0,70.54
Kabupaten Ngawi,2021,,130.81,15.57,16.43,79.35,99.92,,4.25,23838.3,,71.04
Kabupaten Ngawi,2022,877430.0,119.02,14.15,76.37,84.26,99.16,,2.48,25602.3,629.0,71.75
Kabupaten Ngawi,2023,,,,13.32,,,,2.41,27619.3,,72.47
Kabupaten Ngawi,2024,,,,11.75,,,,2.4,29346.5,,73.91
Kabupaten Bojonegoro,2020,1301600.0,,,14.19,89.02,96.94,,4.92,54048.0,592.0,69.04
Kabupaten Bojonegoro,2021,,166.52,13.27,16.1,90.96,97.24,,4.82,64424.3,,69.59
Kabupaten Bojonegoro,2022,1315130.0,153.4,12.21,83.76,91.01,96.51,,4.69,76507.3,569.0,70.12
Kabupaten Bojonegoro,2023,,,,17.9,,,,4.63,74242.2,,70.85
Kabupaten Bojonegoro,2024,,,,21.13,,,,4.42,76808.4,,72.75
Kabupaten Tuban,2020,1198000.0,,,14.92,79.03,97.58,,4.81,52084.9,653.0,68.4
Kabupaten Tuban,2021,,192.58,16.31,17.46,83.8,96.4,,4.68,54739.5,,68.91
Kabupaten Tuban,2022,1209540.0,178.05,15.02,64.64,80.99,97.51,,4.54,62058.7,613.0,69.67
Kabupaten Tuban,2023,,,,14.34,,,,4.4,67175.8,,70.34
Kabupaten Tuban,2024,,,,11.97,,,,4.28,71099.1,,72.31
Kabupaten Lamongan,2020,1344200.0,,,28.67,92.23,92.18,,5.13,29220.6,754.0,72.58
Kabupaten Lamongan,2021,,166.82,13.86,29.37,89.7,81.98,,4.9,30373.1,,73.12
Kabupaten Lamongan,2022,1371510.0,151.08,12.53,73.67,90.66,78.56,,6.05,33398.6,783.0,74.02
Kabupaten Lamongan,2023,,,,25.75,,,,5.46,35725.7,,74.53
Kabupaten Lamongan,2024,,,,24.04,,,,4.34,37787.6,,75.9
Kabupaten Gresik,2020,1311200.0,,,26.55,96.9,94.63,,8.21,102622.8,1101.0,76.11
Kabupaten Gresik,2021,,166.35,12.42,26.64,91.56,88.99,,8.0,109418.3,,76.5
Kabupaten Gresik,2022,1332660.0,149.64,11.06,83.16,90.29,91.5,,7.84,122650.1,1061.0,77.16
Kabupaten Gresik,2023,,,,28.14,,,,6.82,130527.0,,77.98
Kabupaten Gresik,2024,,,,27.68,,,,6.45,138271.2,,78.93
Kabupaten Bangkalan,2020,1060400.0,,,19.01,56.18,93.92,,8.77,22038.2,1059.0,64.11
Kabupaten Bangkalan,2021,,215.97,21.57,18.7,39.44,97.39,,8.07,23147.7,,64.36
Kabupaten Bangkalan,2022,1086620.0,196.11,19.44,49.15,53.48,93.91,,8.05,25134.3,835.0,65.05
Kabupaten Bangkalan,2023,,,,15.91,,,,6.18,25408.1,,65.75
Kabupaten Bangkalan,2024,,,,14.21,,,,5.35,26066.4,,67.33
Kabupaten Sampang,2020,969700.0,,,18.28,81.85,89.89,,3.35,20503.0,786.0,62.7
Kabupaten Sampang,2021,,237.23,23.76,17.71,76.22,89.34,,3.45,21064.1,,62.8
Kabupaten Sampang,2022,984160.0,217.97,21.61,55.75,79.33,93.25,,3.11,23186.1,801.0,63.39
Kabupaten Sampang,2023,,,,15.64,,,,2.72,23978.2,,64.13
Kabupaten Sampang,2024,,,,13.73,,,,2.5,24483.8,,66.72
Kabupaten Pamekasan,2020,850100.0,,,20.54,68.25,90.49,,3.49,19778.6,1073.0,66.26
Kabupaten Pamekasan,2021,,137.12,15.3,22.04,70.85,89.15,,3.1,20596.4,,66.4
Kabupaten Pamekasan,2022,857820.0,126.02,13.93,73.26,65.95,95.24,,1.4,22225.7,1079.0,66.99
Kabupaten Pamekasan,2023,,,,17.48,,,,1.74,23842.1,,67.96
Kabupaten Pamekasan,2024,,,,19.29,,,,1.64,25423.6,,70.85
Kabupaten Sumenep,2020,1124400.0,,,20.43,64.74,97.82,,2.84,29166.2,563.0,66.43
Kabupaten Sumenep,2021,,224.73,20.51,20.87,65.66,98.29,,2.31,31177.3,,67.04
Kabupaten Sumenep,2022,1136630.0,206.2,18.76,78.65,67.68,94.6,,1.36,35324.2,545.0,67.87
Kabupaten Sumenep,2023,,,,17.49,,,,1.71,37473.5,,68.61
Kabupaten Sumenep,2024,,,,18.5,,,,1.69,39215.0,,69.78
Kota Kediri,2020,,,,34.26,,,,6.21,462198.7,,78.23
Kota Kediri,2021,,,,35.13,,,,6.37,489294.0,,78.6
Kota Kediri,2022,,,,87.08,,,,4.38,522857.1,,79.59
Kota Kediri,2023,,,,33.48,,,,4.06,541067.7,,80.44
Kota Kediri,2024,,,,30.44,,,,3.91,565840.5,,81.88
Kota Blitar,2020,,,,34.01,,,,6.68,45090.1,,78.57
Kota Blitar,2021,,,,35.0,,,,6.61,47329.3,,78.98
Kota Blitar,2022,,,,90.52,,,,5.39,51593.4,,79.93
Kota Blitar,2023,,,,30.56,,,,5.24,55523.3,,80.63
Kota Blitar,2024,,,,30.33,,,,5.11,59326.4,,81.44
Kota Malang,2020,,,,60.88,,,,9.61,85539.5,,81.45
Kota Malang,2021,,,,61.41,,,,9.65,90159.9,,82.04
Kota Malang,2022,,,,80.75,,,,7.66,98884.9,,82.71
Kota Malang,2023,,,,50.38,,,,6.8,107541.8,,83.39
Kota Malang,2024,,,,50.33,,,,6.1,114721.6,,84.68
Kota Probolinggo,2020,,,,24.87,,,,6.7,46301.6,,73.27
Kota Probolinggo,2021,,,,25.66,,,,6.55,48406.1,,73.66
Kota Probolinggo,2022,,,,81.93,,,,4.57,52920.9,,74.56
Kota Probolinggo,2023,,,,22.55,,,,4.53,57885.1,,75.43
Kota Probolinggo,2024,,,,25.61,,,,4.44,61613.6,,77.79
Kota Pasuruan,2020,,,,22.4,,,,6.33,38774.0,,75.26
Kota Pasuruan,2021,,,,23.28,,,,6.23,40372.0,,75.62
Kota Pasuruan,2022,,,,78.69,,,,6.18,44302.5,,76.54
Kota Pasuruan,2023,,,,22.78,,,,5.64,48057.8,,77.17
Kota Pasuruan,2024,,,,19.99,,,,4.63,51087.4,,78.9
Kota Mojokerto,2020,,,,31.03,,,,6.74,49840.4,,78.04
Kota Mojokerto,2021,,,,31.93,,,,6.87,51961.6,,78.43
Kota Mojokerto,2022,,,,81.96,,,,5.05,56648.2,,79.32
Kota Mojokerto,2023,,,,24.82,,,,4.73,59061.3,,80.07
Kota Mojokerto,2024,,,,29.55,,,,3.76,62683.9,,81.76
Kota Madiun,2020,,,,35.39,,,,8.32,69463.1,,80.91
Kota Madiun,2021,,,,36.79,,,,8.15,73502.0,,81.25
Kota Madiun,2022,,,,72.92,,,,6.39,79816.6,,82.01
Kota Madiun,2023,,,,33.44,,,,5.85,86285.0,,82.71
Kota Madiun,2024,,,,31.18,,,,4.3,92449.2,,84.51
Kota Surabaya,2020,2874300.0,,,48.93,91.84,98.74,,9.79,193009.9,8200.0,82.23
Kota Surabaya,2021,,152.49,5.23,48.41,95.2,98.06,,9.68,204410.6,,82.31
Kota Surabaya,2022,2887220.0,138.21,4.72,63.0,96.41,95.66,,7.62,226080.4,8595.0,82.74
Kota Surabaya,2023,,,,40.33,,,,6.76,245684.8,,83.45
Kota Surabaya,2024,,,,42.46,,,,4.91,264371.9,,84.69
Kota Batu,2020,213000.0,,,38.62,93.2,99.02,,5.93,74883.6,1558.0,75.9
Kota Batu,2021,,8.63,4.09,39.27,95.57,100.0,,6.57,78330.9,,76.28
Kota Batu,2022,216740.0,8.05,3.79,80.27,94.37,99.12,,8.43,85413.5,1116.0,77.22
Kota Batu,2023,,,,38.0,,,,4.52,93214.3,,78.18
Kota Batu,2024,,,,36.33,,,,3.63,99487.2,,79.69
